Леший;http://ilibrary.ru/text/968/p.1/index.html;http://ilibrary.ru/text/968/p.2/index.html;http://ilibrary.ru/text/968/p.3/index.html;http://ilibrary.ru/text/968/p.4/index.html
На дне;http://ilibrary.ru/text/505/p.1/index.html;http://ilibrary.ru/text/505/p.2/index.html;http://ilibrary.ru/text/505/p.3/index.html;http://ilibrary.ru/text/505/p.4/index.html
Женитьба;http://ilibrary.ru/text/1234/p.1/index.html;http://ilibrary.ru/text/1234/p.2/index.html
Бедность не порок;http://ilibrary.ru/text/2400/p.1/index.html;http://ilibrary.ru/text/2400/p.2/index.html;http://ilibrary.ru/text/2400/p.3/index.html
Недоросль;http://ilibrary.ru/text/1098/p.1/index.html;http://ilibrary.ru/text/1098/p.2/index.html;http://ilibrary.ru/text/1098/p.3/index.html;http://ilibrary.ru/text/1098/p.4/index.html;http://ilibrary.ru/text/1098/p.5/index.html
Баня;http://ilibrary.ru/text/2143/p.1/index.html;http://ilibrary.ru/text/2143/p.2/index.html;http://ilibrary.ru/text/2143/p.3/index.html;http://ilibrary.ru/text/2143/p.4/index.html;http://ilibrary.ru/text/2143/p.5/index.html;http://ilibrary.ru/text/2143/p.6/index.html
Три сестры;http://ilibrary.ru/text/973/p.1/index.html;http://ilibrary.ru/text/973/p.2/index.html;http://ilibrary.ru/text/973/p.3/index.html;http://ilibrary.ru/text/973/p.4/index.html
Ночь перед судом;http://ilibrary.ru/text/970/p.1/index.html
Дни Турбиных;http://ilibrary.ru/text/1287/p.1/index.html;http://ilibrary.ru/text/1287/p.2/index.html;http://ilibrary.ru/text/1287/p.3/index.html;http://ilibrary.ru/text/1287/p.4/index.html
Медведь;http://ilibrary.ru/text/996/p.1/index.html
Маскарад;http://ilibrary.ru/text/1247/p.1/index.html;http://ilibrary.ru/text/1247/p.2/index.html;http://ilibrary.ru/text/1247/p.3/index.html;http://ilibrary.ru/text/1247/p.4/index.html
Сцены из рыцарских времен;http://ilibrary.ru/text/471/p.1/index.html
Предложение;http://ilibrary.ru/text/1186/p.1/index.html
Чайка;http://ilibrary.ru/text/971/p.1/index.html;http://ilibrary.ru/text/971/p.2/index.html;http://ilibrary.ru/text/971/p.3/index.html;http://ilibrary.ru/text/971/p.4/index.html
Русалка;http://ilibrary.ru/text/470/p.1/index.html
Егор Булычов и другие;http://ilibrary.ru/text/506/p.1/index.html;http://ilibrary.ru/text/506/p.2/index.html;http://ilibrary.ru/text/506/p.3/index.html
Татьяна Репина;http://ilibrary.ru/text/965/p.1/index.html
На большой дороге;http://ilibrary.ru/text/975/p.1/index.html
Свои люди — сочтемся;http://ilibrary.ru/text/2399/p.1/index.html;http://ilibrary.ru/text/2399/p.2/index.html;http://ilibrary.ru/text/2399/p.3/index.html;http://ilibrary.ru/text/2399/p.4/index.html
Лакейская;http://ilibrary.ru/text/1555/p.1/index.html
Скупой рыцарь;http://ilibrary.ru/text/466/p.1/index.html
Волки и овцы;http://ilibrary.ru/text/1644/p.1/index.html;http://ilibrary.ru/text/1644/p.2/index.html;http://ilibrary.ru/text/1644/p.3/index.html;http://ilibrary.ru/text/1644/p.4/index.html;http://ilibrary.ru/text/1644/p.5/index.html
Гроза;http://ilibrary.ru/text/994/p.1/index.html;http://ilibrary.ru/text/994/p.2/index.html;http://ilibrary.ru/text/994/p.3/index.html;http://ilibrary.ru/text/994/p.4/index.html;http://ilibrary.ru/text/994/p.5/index.html
Вишневый сад;http://ilibrary.ru/text/472/p.1/index.html;http://ilibrary.ru/text/472/p.2/index.html;http://ilibrary.ru/text/472/p.3/index.html;http://ilibrary.ru/text/472/p.4/index.html
Трагик поневоле;http://ilibrary.ru/text/966/p.1/index.html
Иванов;http://ilibrary.ru/text/964/p.1/index.html;http://ilibrary.ru/text/964/p.2/index.html;http://ilibrary.ru/text/964/p.3/index.html;http://ilibrary.ru/text/964/p.4/index.html
Бригадир;http://ilibrary.ru/text/1643/p.1/index.html;http://ilibrary.ru/text/1643/p.2/index.html;http://ilibrary.ru/text/1643/p.3/index.html;http://ilibrary.ru/text/1643/p.4/index.html;http://ilibrary.ru/text/1643/p.5/index.html
Снегурочка;http://ilibrary.ru/text/1200/p.1/index.html;http://ilibrary.ru/text/1200/p.2/index.html;http://ilibrary.ru/text/1200/p.3/index.html;http://ilibrary.ru/text/1200/p.4/index.html;http://ilibrary.ru/text/1200/p.5/index.html
Театральный разъезд после представления новой комедии;http://ilibrary.ru/text/1557/p.1/index.html
Дядя Ваня;http://ilibrary.ru/text/972/p.1/index.html;http://ilibrary.ru/text/972/p.2/index.html;http://ilibrary.ru/text/972/p.3/index.html;http://ilibrary.ru/text/972/p.4/index.html
Горе от ума;http://ilibrary.ru/text/5/p.1/index.html;http://ilibrary.ru/text/5/p.2/index.html;http://ilibrary.ru/text/5/p.3/index.html;http://ilibrary.ru/text/5/p.4/index.html
Моцарт и Сальери;http://ilibrary.ru/text/467/p.1/index.html
Каменный гость;http://ilibrary.ru/text/468/p.1/index.html
Пир во время чумы;http://ilibrary.ru/text/469/p.1/index.html
Свадьба;http://ilibrary.ru/text/967/p.1/index.html
Жизнь человека;http://ilibrary.ru/text/1645/p.1/index.html;http://ilibrary.ru/text/1645/p.2/index.html;http://ilibrary.ru/text/1645/p.3/index.html;http://ilibrary.ru/text/1645/p.4/index.html;http://ilibrary.ru/text/1645/p.5/index.html;http://ilibrary.ru/text/1645/p.6/index.html;http://ilibrary.ru/text/1645/p.7/index.html
Тяжба;http://ilibrary.ru/text/1554/p.1/index.html
Клоп;http://ilibrary.ru/text/1847/p.1/index.html;http://ilibrary.ru/text/1847/p.2/index.html;http://ilibrary.ru/text/1847/p.3/index.html;http://ilibrary.ru/text/1847/p.4/index.html;http://ilibrary.ru/text/1847/p.5/index.html;http://ilibrary.ru/text/1847/p.6/index.html;http://ilibrary.ru/text/1847/p.7/index.html;http://ilibrary.ru/text/1847/p.8/index.html;http://ilibrary.ru/text/1847/p.9/index.html
Борис Годунов;http://ilibrary.ru/text/465/p.1/index.html
Отрывок;http://ilibrary.ru/text/1556/p.1/index.html
Ревизор;http://ilibrary.ru/text/473/p.1/index.html;http://ilibrary.ru/text/473/p.2/index.html;http://ilibrary.ru/text/473/p.3/index.html;http://ilibrary.ru/text/473/p.4/index.html;http://ilibrary.ru/text/473/p.5/index.html
Утро делового человека;http://ilibrary.ru/text/1553/p.1/index.html
Бесприданница;http://ilibrary.ru/text/1202/p.1/index.html;http://ilibrary.ru/text/1202/p.2/index.html;http://ilibrary.ru/text/1202/p.3/index.html;http://ilibrary.ru/text/1202/p.4/index.html
О вреде табака;http://ilibrary.ru/text/974/p.1/index.html
